<?xml version="1.0" encoding="UTF-8"?>
<project-private xmlns="http://www.netbeans.org/ns/project-private/1">
    <editor-bookmarks xmlns="http://www.netbeans.org/ns/editor-bookmarks/2" lastBookmarkId="0"/>
    <open-files xmlns="http://www.netbeans.org/ns/projectui-open-files/2">
        <group>
            <file>file:/C:/Users/bhitt/Desktop/CSC_18A/Haunted_House/src/haunted_house/HighScoreIO.java</file>
            <file>file:/C:/Users/bhitt/Desktop/CSC_18A/Haunted_House/src/haunted_house/TitleScreen.java</file>
            <file>file:/C:/Users/bhitt/Desktop/CSC_18A/Haunted_House/src/haunted_house/Room.java</file>
            <file>file:/C:/Users/bhitt/Desktop/CSC_18A/Haunted_House/src/haunted_house/Haunted_House.java</file>
            <file>file:/C:/Users/bhitt/Desktop/CSC_18A/Haunted_House/src/haunted_house/Garden.java</file>
            <file>file:/C:/Users/bhitt/Desktop/CSC_18A/Haunted_House/src/haunted_house/DisplayHighscoresMenuItem.java</file>
            <file>file:/C:/Users/bhitt/Desktop/CSC_18A/Haunted_House/src/haunted_house/Game.java</file>
            <file>file:/C:/Users/bhitt/Desktop/CSC_18A/Haunted_House/src/haunted_house/Enemy.java</file>
            <file>file:/C:/Users/bhitt/Desktop/CSC_18A/Haunted_House/src/haunted_house/Menu.java</file>
            <file>file:/C:/Users/bhitt/Desktop/CSC_18A/Haunted_House/src/haunted_house/Skeleton.java</file>
        </group>
    </open-files>
</project-private>
